Designator,Footprint,Quantity,Value,LCSC Part #
"D10, D11, D12, D13, D14, D15, D16, D17, D18, D19, D2, D20, D21, D3, D4, D5, D6, D7, D8, D9",D_DO-35_SOD27_P7.62mm_Horizontal,20,1N4148,
"H1, H2, H3, H4",MountingHole_2mm,4,MountingHole_Pad,
"SW10, SW11, SW12, SW13, SW14, SW15, SW16, SW17, SW18, SW19, SW2, SW3, SW4, SW5, SW6, SW7, SW8",SW_Cherry_MX_1.00u_PCB,17,SW_Push,
"SW20, SW21",SW_Cherry_MX_2.00u_Vertical_PCB,2,SW_Push,
SW9,SW_Cherry_MX_2.00u_PCB,1,SW_Push,
U1,YAAJ_BlackPill_SWD_3,1,YAAJ_BlackPill_Part_Like_SWD_Breakout,
